{"0": [[[-119.61752339456567, 36.21500184817409], [-119.61752339456567, 36.21718217555906], [-119.63150034876051, 36.21718863069709], [-119.61752339456567, 36.21500184817409]]], "1": [[[-119.63150034876051, 36.21718863069709], [-119.61752339456567, 36.21718217555906], [-119.61752339456567, 36.2613261068984], [-119.68002339456567, 36.22476680407247], [-119.63150034876051, 36.21718863069709]]], "2": [[[-119.49252339456567, 35.78014243586193], [-119.49252339456567, 35.84218217555905], [-119.53027000597216, 35.84219581823147], [-119.53295138852988, 35.78012604608607], [-119.49252339456567, 35.78014243586193]]], "3": [[[-119.53027000597216, 35.84219581823147], [-119.49252339456567, 35.84218217555905], [-119.4925233945657, 35.96718217555905], [-119.52485735238756, 35.967194604706926], [-119.53027000597216, 35.84219581823147]]], "4": [[[-119.52485735238756, 35.967194604706926], [-119.4925233945657, 35.96718217555905], [-119.4925233945657, 36.09218217555905], [-119.51942753393202, 36.09219313895769], [-119.52485735238756, 35.967194604706926]]], "5": [[[-119.51942753393202, 36.09219313895769], [-119.4925233945657, 36.09218217555905], [-119.4925233945657, 36.21718217555906], [-119.61752339456567, 36.21718217555906], [-119.61752339456567, 36.21500184817409], [-119.51477976263449, 36.19887331019281], [-119.51942753393202, 36.09219313895769]]], "6": [[[-119.61752339456567, 36.21718217555906], [-119.4925233945657, 36.21718217555906], [-119.49252339456567, 36.334244751156646], [-119.61752339456567, 36.2613261068984], [-119.61752339456567, 36.21718217555906]]], "7": [[[-119.36752339456568, 35.780107517217914], [-119.36752339456568, 35.84218217555905], [-119.49252339456567, 35.84218217555905], [-119.49252339456567, 35.78014243586193], [-119.36752339456568, 35.780107517217914]]], "8": [[[-119.49252339456567, 35.84218217555905], [-119.36752339456568, 35.84218217555905], [-119.36752339456568, 35.967182175559046], [-119.4925233945657, 35.96718217555905], [-119.49252339456567, 35.84218217555905]]], "9": [[[-119.4925233945657, 35.96718217555905], [-119.36752339456568, 35.967182175559046], [-119.36752339456568, 36.09218217555905], [-119.4925233945657, 36.09218217555905], [-119.4925233945657, 35.96718217555905]]], "10": [[[-119.4925233945657, 36.09218217555905], [-119.36752339456568, 36.09218217555905], [-119.36752339456568, 36.21718217555906], [-119.4925233945657, 36.21718217555906], [-119.4925233945657, 36.09218217555905]]], "11": [[[-119.4925233945657, 36.21718217555906], [-119.36752339456568, 36.21718217555906], [-119.36752339456568, 36.34218217555905], [-119.47887826096645, 36.34218850495365], [-119.49252339456567, 36.334244751156646], [-119.4925233945657, 36.21718217555906]]], "12": [[[-119.47887826096645, 36.34218850495365], [-119.36752339456568, 36.34218217555905], [-119.36752339456568, 36.40689722105035], [-119.47887826096645, 36.34218850495365]]], "13": [[[-119.24252339456567, 35.77994324529239], [-119.24252339456567, 35.84218217555906], [-119.36752339456568, 35.84218217555905], [-119.36752339456568, 35.780107517217914], [-119.24252339456567, 35.77994324529239]]], "14": [[[-119.36752339456568, 35.84218217555905], [-119.24252339456567, 35.84218217555906], [-119.24252339456567, 35.96718217555905], [-119.36752339456568, 35.967182175559046], [-119.36752339456568, 35.84218217555905]]], "15": [[[-119.36752339456568, 35.967182175559046], [-119.24252339456567, 35.96718217555905], [-119.24252339456567, 36.09218217555905], [-119.36752339456568, 36.09218217555905], [-119.36752339456568, 35.967182175559046]]], "16": [[[-119.36752339456568, 36.09218217555905], [-119.24252339456567, 36.09218217555905], [-119.24252339456567, 36.21718217555906], [-119.36752339456568, 36.21718217555906], [-119.36752339456568, 36.09218217555905]]], "17": [[[-119.36752339456568, 36.21718217555906], [-119.24252339456567, 36.21718217555906], [-119.24252339456567, 36.34218217555905], [-119.36752339456568, 36.34218217555905], [-119.36752339456568, 36.21718217555906]]], "18": [[[-119.36752339456568, 36.34218217555905], [-119.24252339456567, 36.34218217555905], [-119.24252339456567, 36.46718217555905], [-119.26343754769354, 36.46719125571663], [-119.36752339456568, 36.40689722105035], [-119.36752339456568, 36.34218217555905]]], "19": [[[-119.26343754769354, 36.46719125571663], [-119.24252339456567, 36.46718217555905], [-119.24252339456567, 36.47928404691769], [-119.26343754769354, 36.46719125571663]]], "20": [[[-119.11752339456567, 35.78865718903197], [-119.1175233945657, 35.84218217555906], [-119.24252339456567, 35.84218217555906], [-119.24252339456567, 35.77994324529239], [-119.12907384700318, 35.779682175559074], [-119.11752339456567, 35.78865718903197]]], "21": [[[-119.24252339456567, 35.84218217555906], [-119.1175233945657, 35.84218217555906], [-119.1175233945657, 35.96718217555905], [-119.24252339456567, 35.96718217555905], [-119.24252339456567, 35.84218217555906]]], "22": [[[-119.24252339456567, 35.96718217555905], [-119.1175233945657, 35.96718217555905], [-119.1175233945657, 36.09218217555905], [-119.24252339456567, 36.09218217555905], [-119.24252339456567, 35.96718217555905]]], "23": [[[-119.24252339456567, 36.09218217555905], [-119.1175233945657, 36.09218217555905], [-119.11752339456567, 36.21718217555906], [-119.24252339456567, 36.21718217555906], [-119.24252339456567, 36.09218217555905]]], "24": [[[-119.24252339456567, 36.21718217555906], [-119.11752339456567, 36.21718217555906], [-119.11752339456567, 36.34218217555905], [-119.24252339456567, 36.34218217555905], [-119.24252339456567, 36.21718217555906]]], "25": [[[-119.24252339456567, 36.34218217555905], [-119.11752339456567, 36.34218217555905], [-119.11752339456567, 36.46718217555905], [-119.24252339456567, 36.46718217555905], [-119.24252339456567, 36.34218217555905]]], "26": [[[-119.24252339456567, 36.46718217555905], [-119.11752339456567, 36.46718217555905], [-119.11752339456567, 36.51365173891102], [-119.12812356736698, 36.545300014060174], [-119.24252339456567, 36.47928404691769], [-119.24252339456567, 36.46718217555905]]], "27": [[[-119.04853458421309, 35.842198181920686], [-119.1175233945657, 35.84218217555906], [-119.11752339456567, 35.78865718903197], [-119.04853458421309, 35.842198181920686]]], "28": [[[-119.1175233945657, 35.84218217555906], [-119.04853458421309, 35.842198181920686], [-118.99252339456568, 35.8855854118255], [-118.99252339456568, 35.96718217555905], [-119.1175233945657, 35.96718217555905], [-119.1175233945657, 35.84218217555906]]], "29": [[[-119.1175233945657, 35.96718217555905], [-118.99252339456568, 35.96718217555905], [-118.99252339456568, 36.09218217555905], [-119.1175233945657, 36.09218217555905], [-119.1175233945657, 35.96718217555905]]], "30": [[[-119.1175233945657, 36.09218217555905], [-118.99252339456568, 36.09218217555905], [-118.99252339456568, 36.11669503177664], [-118.99476841102415, 36.12228773037873], [-118.99252339456568, 36.12066686242604], [-118.99252339456568, 36.21718217555906], [-119.11752339456567, 36.21718217555906], [-119.1175233945657, 36.09218217555905]]], "31": [[[-119.11752339456567, 36.21718217555906], [-118.99252339456568, 36.21718217555906], [-118.99252339456568, 36.34218217555905], [-119.11752339456567, 36.34218217555905], [-119.11752339456567, 36.21718217555906]]], "32": [[[-119.11752339456567, 36.34218217555905], [-118.99252339456568, 36.34218217555905], [-118.99252339456568, 36.46718217555905], [-119.01398587252226, 36.46719144469069], [-119.03221806524523, 36.40128136565006], [-119.09592194366964, 36.449074528664575], [-119.10197766678682, 36.46718927305583], [-119.11752339456567, 36.46718217555905], [-119.11752339456567, 36.34218217555905]]], "33": [[[-119.11752339456567, 36.46718217555905], [-119.10197766678682, 36.46718927305583], [-119.11752339456567, 36.51365173891102], [-119.11752339456567, 36.46718217555905]]],