{"0": [[[-119.58950364716421, 36.23971356768826], [-119.58950364716421, 36.30512604608605], [-119.60063646248683, 36.30513248339501], [-119.66450364716421, 36.280615194864794], [-119.58950364716421, 36.23971356768826]]], "1": [[[-119.60063646248686, 36.305132483395], [-119.58950364716421, 36.30512604608605], [-119.58950364716421, 36.309401088059985], [-119.60063646248686, 36.305132483395]]], "2": [[[-119.4395036471642, 35.7813242007552], [-119.4395036471642, 35.855126046086056], [-119.52970993194903, 35.85514839191502], [-119.53295138852988, 35.78012604608607], [-119.4395036471642, 35.7813242007552]]], "3": [[[-119.52970993194904, 35.855148391915016], [-119.4395036471642, 35.85512604608604], [-119.4395036471642, 36.00512604608605], [-119.52321046794769, 36.00514907528439], [-119.52970993194904, 35.855148391915016]]], "4": [[[-119.52321046794769, 36.00514907528439], [-119.4395036471642, 36.00512604608605], [-119.4395036471642, 36.155126046086046], [-119.51668622682436, 36.15514940945861], [-119.52321046794769, 36.00514907528439]]], "5": [[[-119.51668622682436, 36.15514940945861], [-119.4395036471642, 36.155126046086046], [-119.4395036471642, 36.30512604608605], [-119.58950364716421, 36.30512604608605], [-119.58950364716421, 36.23971356768826], [-119.51477976263449, 36.19887331019281], [-119.51668622682436, 36.15514940945861]]], "6": [[[-119.58950364716421, 36.30512604608605], [-119.4395036471642, 36.30512604608605], [-119.4395036471642, 36.366768787038396], [-119.58950364716421, 36.309401088059985], [-119.58950364716421, 36.30512604608605]]], "7": [[[-119.28950364716421, 35.783096221777186], [-119.28950364716421, 35.855126046086056], [-119.43950364716424, 35.855126046086056], [-119.43950364716423, 35.7813242007552], [-119.28950364716421, 35.783096221777186]]], "8": [[[-119.43950364716424, 35.85512604608604], [-119.28950364716421, 35.85512604608604], [-119.28950364716421, 36.00512604608604], [-119.43950364716423, 36.00512604608605], [-119.43950364716424, 35.85512604608604]]], "9": [[[-119.43950364716423, 36.00512604608605], [-119.28950364716421, 36.00512604608604], [-119.28950364716421, 36.155126046086046], [-119.43950364716423, 36.155126046086046], [-119.43950364716423, 36.00512604608605]]], "10": [[[-119.43950364716423, 36.155126046086046], [-119.28950364716421, 36.155126046086046], [-119.28950364716421, 36.30512604608605], [-119.43950364716423, 36.30512604608605], [-119.43950364716423, 36.155126046086046]]], "11": [[[-119.43950364716423, 36.30512604608605], [-119.28950364716421, 36.30512604608605], [-119.28950364716421, 36.423864791823156], [-119.43950364716423, 36.36676878703839], [-119.43950364716423, 36.30512604608605]]], "12": [[[-119.13950364716422, 35.78468189700723], [-119.13950364716422, 35.85512604608604], [-119.28950364716421, 35.855126046086056], [-119.28950364716421, 35.783096221777186], [-119.13950364716422, 35.78468189700723]]], "13": [[[-119.28950364716421, 35.85512604608604], [-119.13950364716422, 35.85512604608604], [-119.13950364716422, 36.00512604608605], [-119.28950364716421, 36.00512604608604], [-119.28950364716421, 35.85512604608604]]], "14": [[[-119.28950364716421, 36.00512604608604], [-119.13950364716422, 36.00512604608605], [-119.13950364716422, 36.155126046086046], [-119.28950364716421, 36.155126046086046], [-119.28950364716421, 36.00512604608604]]], "15": [[[-119.28950364716421, 36.155126046086046], [-119.13950364716422, 36.155126046086046], [-119.13950364716422, 36.30512604608605], [-119.28950364716421, 36.30512604608605], [-119.28950364716421, 36.155126046086046]]], "16": [[[-119.28950364716421, 36.30512604608605], [-119.13950364716422, 36.305126046086045], [-119.13950364716422, 36.45512604608604], [-119.20701076677858, 36.455149271921925], [-119.28950364716421, 36.423864791823156], [-119.28950364716421, 36.30512604608605]]], "17": [[[-119.01494471358363, 35.855139174563256], [-119.13950364716422, 35.85512604608604], [-119.13950364716422, 35.78468189700723], [-119.09131044109984, 35.785151804206045], [-119.01494471358363, 35.855139174563256]]], "18": [[[-119.13950364716422, 35.85512604608604], [-119.01494471358363, 35.855139174563256], [-118.98950364716423, 35.878417190679755], [-118.98950364716423, 36.00512604608604], [-119.13950364716422, 36.00512604608605], [-119.13950364716422, 35.85512604608604]]], "19": [[[-119.13950364716422, 36.00512604608605], [-118.98950364716423, 36.00512604608604], [-118.98950364716423, 36.14886269838931], [-118.9915405721307, 36.15512729896582], [-119.13950364716422, 36.155126046086046], [-119.13950364716422, 36.00512604608605]]], "20": [[[-119.13950364716422, 36.155126046086046], [-118.9915405721307, 36.15512729896582], [-119.04042014573234, 36.30514705286913], [-119.13950364716422, 36.30512604608605], [-119.13950364716422, 36.155126046086046]]], "21": [[[-119.13950364716422, 36.305126046086045], [-119.04042014573234, 36.30514705286912], [-119.08948815393438, 36.45514690264121], [-119.13950364716422, 36.45512604608604], [-119.13950364716422, 36.305126046086045]]]}