{"0": [[[-119.56450364716422, 36.226059762318734], [-119.56450364716422, 36.28012604608604], [-119.66368214640204, 36.280167670834444], [-119.56450364716422, 36.226059762318734]]], "1": [[[-119.66368214640204, 36.280167670834444], [-119.56450364716422, 36.28012604608604], [-119.56450364716422, 36.31898126038392], [-119.66450364716421, 36.280615194864794], [-119.66368214640204, 36.280167670834444]]], "2": [[[-119.3645036471642, 35.78223350525688], [-119.3645036471642, 35.88012604608604], [-119.5286283158724, 35.880150446611935], [-119.53295138852988, 35.78012604608607], [-119.3645036471642, 35.78223350525688]]], "3": [[[-119.5286283158724, 35.880150446611935], [-119.3645036471642, 35.88012604608604], [-119.3645036471642, 36.08012604608604], [-119.51995121863388, 36.08015481160303], [-119.5286283158724, 35.880150446611935]]], "4": [[[-119.51995121863388, 36.08015481160303], [-119.3645036471642, 36.08012604608604], [-119.3645036471642, 36.28012604608604], [-119.56450364716422, 36.28012604608604], [-119.56450364716422, 36.226059762318734], [-119.51477976263449, 36.19887331019281], [-119.51995121863388, 36.08015481160303]]], "5": [[[-119.56450364716422, 36.28012604608604], [-119.3645036471642, 36.28012604608604], [-119.3645036471642, 36.39535071953004], [-119.56450364716422, 36.31898126038392], [-119.56450364716422, 36.28012604608604]]], "6": [[[-119.16450364716424, 35.784430557980606], [-119.16450364716421, 35.88012604608604], [-119.3645036471642, 35.88012604608604], [-119.3645036471642, 35.78223350525688], [-119.16450364716424, 35.784430557980606]]], "7": [[[-119.3645036471642, 35.88012604608604], [-119.16450364716421, 35.88012604608604], [-119.16450364716424, 36.08012604608604], [-119.3645036471642, 36.08012604608604], [-119.3645036471642, 35.88012604608604]]], "8": [[[-119.3645036471642, 36.08012604608604], [-119.16450364716424, 36.08012604608604], [-119.16450364716424, 36.28012604608604], [-119.3645036471642, 36.28012604608604], [-119.3645036471642, 36.08012604608604]]], "9": [[[-119.3645036471642, 36.28012604608604], [-119.16450364716424, 36.28012604608604], [-119.16450364716421, 36.471237617245734], [-119.3645036471642, 36.39535071953004], [-119.3645036471642, 36.28012604608604]]], "10": [[[-118.98761665486589, 35.8801429887535], [-119.16450364716421, 35.88012604608604], [-119.16450364716424, 35.784430557980606], [-119.09131044109984, 35.785151804206045], [-118.98761665486589, 35.8801429887535]]], "11": [[[-119.16450364716421, 35.88012604608604], [-118.98761665486589, 35.8801429887535], [-118.96450364716422, 35.90127309849315], [-118.96450364716422, 36.071890364632566], [-118.967176821871, 36.08012823702566], [-119.16450364716424, 36.08012604608604], [-119.16450364716421, 35.88012604608604]]], "12": [[[-119.16450364716424, 36.08012604608604], [-118.967176821871, 36.08012823702566], [-119.0322664521921, 36.28016334755609], [-119.16450364716424, 36.28012604608604], [-119.16450364716424, 36.08012604608604]]], "13": [[[-119.16450364716424, 36.28012604608604], [-119.0322664521921, 36.28016334755609], [-119.09769058000127, 36.48016316923635], [-119.14094892309214, 36.48014338452173], [-119.16450364716421, 36.471237617245734], [-119.16450364716424, 36.28012604608604]]]}