{"0": [[[-119.61450364716421, 36.253357405703035], [-119.61450364716421, 36.29981335459652], [-119.66450364716421, 36.280615194864794], [-119.61450364716421, 36.253357405703035]]], "1": [[[-119.51450364716422, 35.780368306634], [-119.51450364716422, 35.83012604608604], [-119.5307914985445, 35.83013169325633], [-119.53295138852988, 35.78012604608607], [-119.51450364716422, 35.780368306634]]], "2": [[[-119.5307914985445, 35.830131693256334], [-119.51450364716422, 35.83012604608605], [-119.51450364716422, 35.930126046086045], [-119.5264640784299, 35.93013041227915], [-119.5307914985445, 35.830131693256334]]], "3": [[[-119.5264640784299, 35.93013041227915], [-119.51450364716422, 35.93012604608605], [-119.51450364716422, 36.030126046086046], [-119.52212569817625, 36.03012896897352], [-119.5264640784299, 35.93013041227915]]], "4": [[[-119.52212569817625, 36.03012896897352], [-119.51450364716422, 36.030126046086046], [-119.51450364716422, 36.13012604608603], [-119.51777628961068, 36.130127361637086], [-119.52212569817625, 36.03012896897352]]], "5": [[[-119.51777628961068, 36.13012736163709], [-119.51450364716422, 36.13012604608605], [-119.51450364716422, 36.23012604608604], [-119.57196568686022, 36.230136215584814], [-119.51477976263449, 36.19887331019281], [-119.51777628961068, 36.13012736163709]]], "6": [[[-119.57196568686022, 36.23013621558482], [-119.51450364716422, 36.23012604608605], [-119.51450364716422, 36.33012604608605], [-119.53537787213912, 36.33013292542057], [-119.61450364716421, 36.29981335459652], [-119.61450364716421, 36.253357405703035], [-119.57196568686022, 36.23013621558482]]], "7": [[[-119.5353778721391, 36.33013292542058], [-119.51450364716422, 36.33012604608605], [-119.51450364716422, 36.33811893099932], [-119.5353778721391, 36.33013292542058]]], "8": [[[-119.41450364716422, 35.78163247879753], [-119.4145036471642, 35.83012604608604], [-119.51450364716422, 35.83012604608604], [-119.51450364716422, 35.780368306634], [-119.41450364716422, 35.78163247879753]]], "9": [[[-119.51450364716422, 35.83012604608605], [-119.4145036471642, 35.83012604608605], [-119.4145036471642, 35.93012604608604], [-119.51450364716422, 35.930126046086045], [-119.51450364716422, 35.83012604608605]]], "10": [[[-119.51450364716422, 35.93012604608605], [-119.4145036471642, 35.930126046086045], [-119.4145036471642, 36.030126046086046], [-119.51450364716422, 36.030126046086046], [-119.51450364716422, 35.93012604608605]]], "11": [[[-119.51450364716422, 36.030126046086046], [-119.4145036471642, 36.030126046086046], [-119.4145036471642, 36.13012604608603], [-119.51450364716422, 36.13012604608603], [-119.51450364716422, 36.030126046086046]]], "12": [[[-119.51450364716422, 36.13012604608605], [-119.4145036471642, 36.13012604608605], [-119.4145036471642, 36.23012604608604], [-119.51450364716422, 36.23012604608604], [-119.51450364716422, 36.13012604608605]]], "13": [[[-119.51450364716422, 36.23012604608605], [-119.4145036471642, 36.23012604608605], [-119.4145036471642, 36.33012604608604], [-119.51450364716422, 36.33012604608605], [-119.51450364716422, 36.23012604608605]]], "14": [[[-119.51450364716422, 36.33012604608605], [-119.4145036471642, 36.33012604608605], [-119.4145036471642, 36.376303641801336], [-119.51450364716422, 36.33811893099932], [-119.51450364716422, 36.33012604608605]]], "15": [[[-119.3145036471642, 35.78281382594845], [-119.3145036471642, 35.83012604608604], [-119.4145036471642, 35.83012604608604], [-119.41450364716422, 35.78163247879753], [-119.3145036471642, 35.78281382594845]]], "16": [[[-119.4145036471642, 35.83012604608605], [-119.3145036471642, 35.83012604608605], [-119.31450364716423, 35.930126046086045], [-119.4145036471642, 35.93012604608604], [-119.4145036471642, 35.83012604608605]]], "17": [[[-119.4145036471642, 35.930126046086045], [-119.31450364716423, 35.93012604608605], [-119.31450364716423, 36.030126046086046], [-119.4145036471642, 36.030126046086046], [-119.4145036471642, 35.930126046086045]]], "18": [[[-119.4145036471642, 36.030126046086046], [-119.31450364716423, 36.030126046086046], [-119.3145036471642, 36.13012604608603], [-119.4145036471642, 36.13012604608603], [-119.4145036471642, 36.030126046086046]]], "19": [[[-119.4145036471642, 36.13012604608605], [-119.3145036471642, 36.13012604608604], [-119.31450364716423, 36.23012604608604], [-119.4145036471642, 36.23012604608604], [-119.4145036471642, 36.13012604608605]]], "20": [[[-119.4145036471642, 36.23012604608605], [-119.31450364716423, 36.23012604608605], [-119.3145036471642, 36.33012604608604], [-119.4145036471642, 36.33012604608604], [-119.4145036471642, 36.23012604608605]]], "21": [[[-119.4145036471642, 36.33012604608605], [-119.3145036471642, 36.33012604608605], [-119.3145036471642, 36.41436763717062], [-119.4145036471642, 36.376303641801336], [-119.4145036471642, 36.33012604608605]]], "22": [[[-119.21450364716424, 35.783912351870484], [-119.21450364716424, 35.83012604608604], [-119.3145036471642, 35.83012604608604], [-119.3145036471642, 35.78281382594845], [-119.21450364716424, 35.783912351870484]]], "23": [[[-119.3145036471642, 35.83012604608605], [-119.21450364716424, 35.83012604608605], [-119.21450364716424, 35.930126046086045], [-119.31450364716423, 35.930126046086045], [-119.3145036471642, 35.83012604608605]]], "24": [[[-119.31450364716423, 35.93012604608605], [-119.21450364716424, 35.93012604608605], [-119.21450364716421, 36.030126046086046], [-119.31450364716423, 36.030126046086046], [-119.31450364716423, 35.93012604608605]]], "25": [[[-119.31450364716423, 36.030126046086046], [-119.21450364716421, 36.030126046086046], [-119.21450364716424, 36.13012604608603], [-119.3145036471642, 36.13012604608603], [-119.31450364716423, 36.030126046086046]]], "26": [[[-119.3145036471642, 36.13012604608604], [-119.21450364716424, 36.130126046086055], [-119.21450364716421, 36.23012604608605], [-119.31450364716423, 36.23012604608604], [-119.3145036471642, 36.13012604608604]]], "27": [[[-119.31450364716423, 36.23012604608605], [-119.21450364716421, 36.230126046086056], [-119.21450364716421, 36.33012604608605], [-119.3145036471642, 36.33012604608604], [-119.31450364716423, 36.23012604608605]]], "28": [[[-119.3145036471642, 36.33012604608605], [-119.21450364716421, 36.33012604608605], [-119.21450364716424, 36.430126046086045], [-119.27298419477427, 36.4301361700725], [-119.3145036471642, 36.41436763717062], [-119.3145036471642, 36.33012604608605]]], "29": [[[-119.27298419477427, 36.4301361700725], [-119.21450364716424, 36.430126046086045], [-119.21450364716421, 36.452311067261476], [-119.27298419477427, 36.4301361700725]]], "30": [[[-119.11450364716424, 35.78492806008234], [-119.11450364716424, 35.83012604608604], [-119.21450364716424, 35.83012604608604], [-119.21450364716424, 35.783912351870484], [-119.11450364716424, 35.78492806008234]]], "31": [[[-119.21450364716424, 35.83012604608605], [-119.11450364716424, 35.83012604608605], [-119.11450364716421, 35.930126046086045], [-119.21450364716424, 35.930126046086045], [-119.21450364716424, 35.83012604608605]]], "32": [[[-119.21450364716424, 35.93012604608605], [-119.11450364716421, 35.93012604608605], [-119.11450364716424, 36.030126046086046], [-119.21450364716421, 36.030126046086046], [-119.21450364716424, 35.93012604608605]]], "33": [[[-119.21450364716421, 36.030126046086046], [-119.11450364716424, 36.030126046086046], [-119.11450364716424, 36.13012604608604], [-119.21450364716424, 36.13012604608603], [-119.21450364716421, 36.030126046086046]]], "34": [[[-119.21450364716424, 36.130126046086055], [-119.11450364716421, 36.13012604608605], [-119.11450364716421, 36.23012604608604], [-119.21450364716421, 36.23012604608605], [-119.21450364716424, 36.130126046086055]]], "35": [[[-119.21450364716421, 36.230126046086056], [-119.11450364716421, 36.23012604608605], [-119.11450364716421, 36.33012604608605], [-119.21450364716421, 36.33012604608605], [-119.21450364716421, 36.230126046086056]]],